{
  "velocity_threshold_piano": 0.3052976657737637,
  "velocity_threshold_drums": 0.10264883288688187,
  "hand_span_left": 0.1669614692511045,
  "hand_span_right": 0.1796956973667824,
  "key_scale_factor": 1.1
}